"","trait_name","order","ID","Chromosome","Position","gene"
"1","trait1","1","4625","1","2860930","AT1G08845"
"2","trait1","2","24795","1","13668987","AT1G36300"
"3","trait1","3","29106","1","17681283","AT1G47920"
"4","trait1","4","30915","1","18693822","AT1G50410"
"5","trait1","5","53225","2","576360","AT2G02170"
"6","trait1","6","53522","2","721718","CYP71B9"
"7","trait1","7","67621","2","10129460","BLH4"
"8","trait1","8","70298","2","11767334","AT2G27480"
"9","trait1","9","74047","2","14799697","AT2G35070"
"10","trait1","10","78210","2","17682688","LBD16"
"11","trait1","11","82684","3","851154","PEX19-1"
"12","trait1","12","82702","3","861878","NPC4"
"13","trait1","13","83727","3","1443572","LRS1"
"14","trait1","14","87422","3","3617231","GPAT5"
"15","trait1","15","93509","3","6933384","AT3G19890"
"16","trait1","16","98108","3","9213155","AT3G25240"
"17","trait1","17","106038","3","12822163","AT3G31440"
"18","trait1","18","106272","3","13032681","AT3G32027"
"19","trait1","19","106397","3","13106585","AT3G32091"
"20","trait1","20","106679","3","13366511","AT3G32393"
"21","trait1","21","109719","3","15414991","AT3G43485"
"22","trait1","22","110016","3","15563479","AT3G43635"
"23","trait1","23","129572","4","2085497","AT4G04280"
"24","trait1","24","130184","4","2333313","AT4G04605"
"25","trait1","25","130588","4","2464001","AT4G04820"
"26","trait1","26","166646","5","2415697","AT5G07570"
"27","trait1","27","171376","5","5187198","bZIP3"
"28","trait1","28","191587","5","15415577","CYP735A1"
"29","trait1","29","205069","5","20957220","LPA2"
"30","trait1","30","206751","5","21731784","ACBP1"
"31","trait1","31","210558","5","23926135","AT5G59250"
"32","trait3","1","21684","1","12074564","GTL1"
"33","trait3","2","43883","1","25268798","AT1G67400"
"34","trait3","3","75083","2","15706496","MAKR3"
